<?xml version="1.0" encoding="UTF-8"?>
<configuration>
	<property name="DEV_HOME" value="logs" />
	<appender name="FILE-AUDIT"
		class="ch.qos.logback.core.rolling.RollingFileAppender">
		<file>${DEV_HOME}/document.log</file>
		<encoder class="ch.qos.logback.classic.encoder.PatternLayoutEncoder">
			<Pattern>
				%d{yyyy-MM-dd HH:mm:ss} - %msg%n
			</Pattern>
		</encoder>

		<rollingPolicy class="ch.qos.logback.core.rolling.TimeBasedRollingPolicy">
			<!-- rollover daily -->
			<fileNamePattern>${DEV_HOME}/archived/document.%d{yyyy-MM-dd}.%i.log</fileNamePattern>
			<timeBasedFileNamingAndTriggeringPolicy
				class="ch.qos.logback.core.rolling.SizeAndTimeBasedFNATP">
				<maxFileSize>4096MB</maxFileSize>
			</timeBasedFileNamingAndTriggeringPolicy>
		</rollingPolicy>

	</appender>
	<appender name="STDOUT" class="ch.qos.logback.core.ConsoleAppender">
		<layout class="ch.qos.logback.classic.PatternLayout">
			<Pattern>%d{yyyy-MM-dd HH:mm:ss.SSS} - %msg%n</Pattern>
		</layout>
	</appender>

	<logger name="root" level="info"
		additivity="false">
		<appender-ref ref="FILE-AUDIT" />
	</logger>
		<logger name="root" level="info"
		additivity="false">
		<appender-ref ref="STDOUT" />
	</logger>

</configuration>
